make	47
take	32
way	32
see	22
got	21
thing	21
go	20
get	19
put	19
back	17
clear	17
things	16
made	16
next	16
stage	16
point	15
come	15
feel	15
far	15
given	14
found	14
model	14
give	13
makes	12
subject	11
end	11
whole	11
part	10
going	10
show	10
away	9
long	9
world	9
seen	9
hell	9
bloody	9
view	8
comes	8
bit	8
fair	8
hard	8
form	8
looking	8
turn	7
approach	7
market	7
crisis	7
range	7
gave	7
took	7
takes	7
work	6
find	6
side	6
big	6
taken	6
keep	6
strong	6
account	6
based	6
elements	6
picture	6
hold	6
open	6
ways	6
link	6
attitudes	6
great	6
image	6
full	6
system	5
wide	5
spent	5
lot	5
moving	5
giving	5
high	5
support	5
cover	5
run	5
role	5
consider	5
change	5
appeal	5
higher	5
power	5
strain	5
narrow	5
putting	5
line	5
movement	5
return	5
look	5
level	5
produce	5
context	5
taking	5
route	5
larger	5
force	5
produces	5
plans	4
order	4
designed	4
leave	4
face	4
sense	4
finds	4
contrast	4
drawn	4
reaction	4
goes	4
means	4
subjects	4
worth	4
sets	4
views	4
growth	4
lead	4
place	4
leaves	4
cut	4
gone	4
separate	4
shown	4
meant	4
short	4
followed	4
felt	4
lost	4
odd	4
prospect	4
getting	4
round	4
firmly	4
struggle	4
showing	4
enter	4
applications	4
direction	4
works	4
structure	4
old	4
Come	4
Go	4
considers	3
aim	3
set	3
headed	3
powerful	3
member	3
bodies	3
replace	3
failed	3
massive	3
deal	3
bear	3
forced	3
points	3
degree	3
lose	3
aims	3
broad	3
went	3
maintains	3
aspects	3
move	3
free	3
asked	3
exercise	3
prepared	3
ran	3
reflect	3
shift	3
came	3
true	3
direct	3
flexible	3
avoid	3
air	3
break	3
rules	3
added	3
contains	3
covered	3
patterns	3
hand	3
assumed	3
stress	3
close	3
follows	3
large	3
lines	3
soft	3
slightest	3
nature	3
small	3
law	3
bound	3
coming	3
mean	3
steady	3
situation	3
presented	3
allows	3
attractive	3
include	3
sees	3
balance	3
admits	3
save	3
incarnation	3
stages	3
rests	3
limit	3
finding	3
little	3
sorted	3
status	2
Set	2
seek	2
sought	2
challenge	2
intrusion	2
operate	2
plan	2
facing	2
looks	2
lay	2
conscious	2
underlined	2
aimed	2
admitted	2
cross	2
gentle	2
sucked	2
call	2
sweet	2
members	2
changed	2
hook	2
float	2
opens	2
describes	2
painful	2
sensitive	2
response	2
woven	2
forms	2
held	2
bright	2
share	2
serve	2
predecessors	2
mix	2
spread	2
turning	2
pick	2
uncover	2
extensive	2
assume	2
pass	2
release	2
suggests	2
steps	2
movements	2
making	2
mature	2
ceiling	2
mark	2
cuts	2
disguise	2
shows	2
wider	2
biggest	2
puts	2
dimensions	2
stand	2
lifting	2
breaks	2
together	2
gets	2
reflected	2
machinery	2
links	2
allow	2
opening	2
waste	2
base	2
game	2
left	2
suggesting	2
burden	2
returns	2
faced	2
stay	2
position	2
brings	2
controls	2
removed	2
prospects	2
drop	2
rises	2
afford	2
poor	2
reduced	2
refer	2
lax	2
weak	2
closely	2
stressed	2
considered	2
touch	2
swept	2
offered	2
contribute	2
broke	2
shape	2
catching	2
attacked	2
suggested	2
sign	2
heavy	2
helped	2
kick	2
habit	2
lets	2
features	2
rigid	2
attracted	2
stem	2
offer	2
clinging	2
reached	2
yield	2
reach	2
character	2
formal	2
admit	2
constructed	2
build	2
largest	2
aspect	2
showed	2
parts	2
double	2
connection	2
remove	2
appear	2
confronts	2
extent	2
progress	2
follow	2
answer	2
products	2
produced	2
unconscious	2
detour	2
articulation	2
formulation	2
goal	2
incarnates	2
framework	2
enveloping	2
turns	2
deeply	2
served	2
production	2
isolated	2
offensive	2
ground	2
apply	2
grounds	2
distant	2
immature	2
stakes	2
damage	2
tied	2
manage	2
past	2
load	2
hang	2
rough	2
quarter	2
wants	2
sort	2
throws	1
INCOMING	1
Scattered	1
escapes	1
upset	1
inherits	1
irritants	1
co-ordinated	1
contemplate	1
rebuilding	1
machine	1
centrepiece	1
adds	1
knock	1
keystone	1
override	1
antagonise	1
rank	1
watching	1
able	1
born	1
extended	1
shadow	1
self	1
says	1
split	1
transfer	1
merge	1
administered	1
atmosphere	1
poisoned	1
convince	1
uncomfortable	1
plant	1
backdrop	1
decide	1
intractable	1
attract	1
chain	1
collision	1
diffuse	1
responded	1
desperate	1
soothing	1
aggressive	1
cracked	1
heart	1
angels	1
emphasis	1
plants	1
stroke	1
switches	1
clean	1
pointed	1
achieved	1
sending	1
wreathed	1
sickly	1
Back	1
dump	1
dirty	1
huge	1
lengths	1
spilled	1
hands	1
Ask	1
reckons	1
decided	1
said	1
rob	1
hide	1
hazy	1
vaporous	1
slender	1
projected	1
explore	1
tremulously	1
humourless	1
filled	1
imagery	1
vividly	1
dominated	1
tenderness	1
carry	1
flat	1
join	1
violent	1
colourful	1
piece	1
plot	1
inserted	1
capture	1
cloudy	1
child	1
drawing	1
ghosts	1
extinguished	1
chandeliers	1
prance	1
hysterics	1
sprawl	1
itching	1
golden	1
overpowering	1
climbing	1
joins	1
relish	1
rich	1
exert	1
rhythmic	1
venerable	1
mournful	1
growling	1
stuck	1
blocked	1
bulbous	1
lumpen	1
canyon-like	1
picked	1
web	1
inflexible	1
plays	1
keeping	1
leading	1
Assuming	1
burns	1
toy-like	1
fresh	1
alone	1
considering	1
serving	1
ageing	1
rasping	1
accompaniment	1
blessing	1
towering	1
stemmed	1
forces	1
hits	1
star	1
hit	1
matches	1
reckon	1
justification	1
pledges	1
accounts	1
counts	1
fusion	1
emblems	1
rate	1
nudging	1
soupy	1
decorated	1
turn-of-the-century	1
fallin'	1
honey	1
underline	1
muster	1
manufactured	1
eye	1
exploring	1
wane	1
impact	1
compass	1
System	1
display	1
grips	1
divide	1
blocks	1
block	1
unit	1
stake	1
talked	1
mimic	1
flows	1
plainly	1
grow	1
puny	1
bury	1
tigers	1
dynamic	1
trying	1
raising	1
extending	1
bogged	1
attach	1
stalemate	1
suspend	1
spar	1
contained	1
thicket	1
inpenetrable	1
deaf	1
swallow	1
pull	1
divided	1
sacrificing	1
capital	1
run-up	1
emerged	1
heads	1
bulk	1
placed	1
knowingly	1
permitted	1
greatest	1
villain	1
climate	1
culture	1
standards	1
lifts	1
penitent	1
fixes	1
format	1
attests	1
farsighted	1
compounds	1
fail	1
value	1
demonstrates	1
sombre	1
tightened	1
shambles	1
signalled	1
suspended	1
posturing	1
flak	1
pursue	1
ramshackle	1
allied	1
spine	1
duck	1
closing	1
opened	1
stuff	1
shares	1
coda	1
scrapped	1
touched	1
tactics	1
mixture	1
message	1
standing	1
claims	1
denies	1
tone	1
meek	1
draws	1
reminds	1
flood	1
asserting	1
safety	1
net	1
extend	1
comfortable	1
earned	1
collapsed	1
transferred	1
shock	1
community	1
allowed	1
ease	1
Putting	1
encouraged	1
Pursuing	1
co-ordinate	1
fight	1
guided	1
victims	1
kept	1
brought	1
winding	1
elevated	1
serious	1
young	1
laced	1
borders	1
busy	1
lazy	1
proclaiming	1
silent	1
sits	1
quashed	1
stare	1
details	1
brood	1
candle	1
snuffers	1
hub	1
waxed	1
unassuming	1
frame	1
spirit	1
released	1
assist	1
chief	1
swoon	1
awaits	1
likes	1
consumers	1
sector	1
step	1
surge	1
high-indeed	1
risen	1
allowing	1
middle	1
discounting	1
hitting	1
peaks	1
gained	1
strengths	1
fall	1
stopped	1
repair	1
needs	1
regular	1
stream	1
bullish	1
mixing	1
examine	1
attempt	1
introductions	1
embarking	1
encompassed	1
raise	1
outside	1
ignore	1
advocates	1
express	1
restricted	1
lower	1
sophisticated	1
area	1
strict	1
assessing	1
hamper	1
supporting	1
vast	1
gold	1
caught	1
light	1
raw	1
circuit	1
eliminated	1
trace	1
highest	1
expanding	1
top	1
brimming	1
dark	1
mother	1
hen	1
helping	1
tight-coiled	1
explode	1
revived	1
turned	1
somersault	1
directly	1
warmed	1
arising	1
models	1
seal	1
jump	1
bubbling	1
den	1
waiting	1
centre	1
dreams	1
hive	1
sharp	1
practised	1
stir	1
senses	1
travelled	1
jungle	1
drums	1
weaving	1
painted	1
defensively	1
threat	1
growing	1
Close	1
breathed	1
dictated	1
admitting	1
ebb	1
tide	1
betrayed	1
hint	1
score	1
pale	1
vibrant	1
spewing	1
See	1
distracted	1
shocked	1
steal	1
seeds	1
anguished	1
darkly	1
rubbish	1
stirrings	1
slicing	1
savagery	1
fierce	1
verges	1
defeat	1
tartly	1
course	1
dung	1
beetle	1
forbidden	1
dry	1
beam	1
Things	1
reckoned	1
shake	1
Coming	1
crash	1
cleaned	1
enemy	1
drama	1
glossed	1
sparking	1
tough	1
richly	1
curling	1
specks	1
fade	1
careless	1
sharpens	1
yielding	1
hiss	1
sliding	1
sleek	1
curl	1
sheared	1
slices	1
slits	1
betrayal	1
Framework	1
Link	1
collection	1
pieces	1
saw	1
undemanding	1
turbulence	1
low	1
extends	1
swing	1
attitude	1
seeing	1
patch	1
source	1
firmer	1
clearer	1
stems	1
possess	1
phases	1
faces	1
phase	1
acquisition	1
shaped	1
arise	1
dominates	1
Crisis	1
acquired	1
firm	1
indicates	1
routes	1
fluid	1
escape	1
rigidly	1
win	1
regard	1
permit	1
reinforce	1
roles	1
attracts	1
choose	1
entering	1
drift	1
linking	1
react	1
Giving	1
Emphasizing	1
application	1
advocating	1
reduce	1
encapsulation	1
courses	1
entry	1
neutral	1
reinforces	1
locating	1
tried	1
scale	1
concentrated	1
element	1
reactions	1
starter	1
told	1
meet	1
approached	1
approaches	1
builds	1
encourages	1
includes	1
struck	1
planned	1
vital	1
distinct	1
reconstruct	1
repackaging	1
sustained	1
version	1
ruled	1
machines	1
inclined	1
preserve	1
survive	1
fostered	1
masked	1
taught	1
indicated	1
unite	1
relocate	1
transmitted	1
articulate	1
returning	1
passive	1
product	1
dropping	1
material	1
deftly	1
uniting	1
neatly	1
solves	1
blind	1
revealing	1
continuously	1
broader	1
shifting	1
hidden	1
tones	1
divorce	1
descent	1
dream-work	1
eluded	1
reading	1
combine	1
inner	1
destroying	1
destroyed	1
arrives	1
projecting	1
forwards	1
rest	1
persuasive	1
operative	1
dispensing	1
matching	1
derived	1
bearing	1
witness	1
destroy	1
perspective	1
holes	1
decomposes	1
design	1
torn	1
apart	1
introduce	1
operates	1
richness	1
organic	1
begs	1
struggles	1
presumes	1
strategy	1
marks	1
retreats	1
concrete	1
reproduce	1
closure	1
articulates	1
pure	1
fissures	1
conducted	1
paradise	1
backtracks	1
assumes	1
proceed	1
accompanied	1
object	1
quickly	1
surveying	1
dictate	1
occupy	1
guide	1
prompts	1
role-oriented	1
valued	1
strive	1
interacts	1
helps	1
construct	1
directed	1
atom	1
separates	1
foundation	1
concerned	1
conception	1
displays	1
connected	1
dismiss	1
entails	1
groups	1
section	1
immediately	1
commits	1
fix	1
attacks	1
embraced	1
covers	1
images	1
appears	1
enters	1
cultivated	1
refinement	1
endued	1
encapsulated	1
remote	1
room	1
tension	1
feature	1
exclude	1
called	1
Part	1
signs	1
led	1
flight	1
stronger	1
weaker	1
versions	1
fit	1
setting	1
naught	1
add	1
conduct	1
wise	1
suit	1
destruction	1
bitter	1
narrower	1
boundary	1
manages	1
package	1
attack	1
pointing	1
achieve	1
gain	1
defence	1
charge	1
GO	1
BACK	1
looked	1
tie	1
access	1
lurches	1
gathers	1
leaving	1
cloud	1
climbs	1
dipping	1
catch	1
wings	1
preparing	1
raccoon	1
Spread	1
tragic	1
stretches	1
islands	1
map	1
fill	1
fountain	1
weighing	1
lake	1
drunk	1
thirsty	1
insatiable	1
gulping	1
bastard	1
fine	1
vanished	1
hopping	1
spend	1
chicken	1
breaking	1
finished	1
tight	1
squeeze	1
bomb	1
popping	1
pop	1
Struggled	1
feeling	1
gives	1
action	1
bet	1
dropped	1
play	1
decent	1
collecting	1
injected	1
Put	1
inject	1
bounce	1
yo-yo	1
funny	1
Take	1
bleeding	1
rabbit	1
Fair	1
messing	1
ferret	1
quick	1
Bastards	1
Full	1
stop	1
Waste	1
crap	1
knocks	1
Chamber	1
polishing	1
touches	1
keen	1
pursuing	1
passes	1
passing	1
throw	1
swings	1
pulling	1
covering	1
gall	1
contact	1
trick	1
Next	1
loads	1
