make	50
way	33
take	31
thing	20
feel	19
got	19
see	19
things	18
back	18
come	16
get	16
point	16
made	16
stage	16
clear	16
given	15
put	15
found	15
next	14
go	13
end	13
give	12
makes	12
model	12
away	11
far	11
whole	11
hell	11
part	10
show	10
long	10
seen	10
view	9
bit	9
subject	9
hard	9
taken	8
going	8
fair	8
account	8
form	8
bloody	8
comes	7
market	7
range	7
gave	7
world	7
looking	7
image	7
takes	7
system	6
face	6
side	6
big	6
high	6
strong	6
picture	6
hold	6
open	6
movement	6
ways	6
link	6
produce	6
took	6
great	6
full	6
turn	5
approach	5
wide	5
lot	5
keep	5
points	5
support	5
role	5
consider	5
elements	5
appeal	5
higher	5
power	5
look	5
strain	5
narrow	5
cut	5
putting	5
rules	5
return	5
short	5
level	5
attitudes	5
context	5
taking	5
route	5
larger	5
force	5
produces	5
plans	4
order	4
designed	4
powerful	4
leave	4
bound	4
bear	4
giving	4
cover	4
finds	4
reaction	4
goes	4
run	4
based	4
worth	4
sets	4
moving	4
views	4
growth	4
lead	4
place	4
leaves	4
together	4
crisis	4
came	4
gone	4
separate	4
line	4
meant	4
followed	4
felt	4
prospect	4
follows	4
close	4
round	4
firmly	4
find	4
showing	4
enter	4
law	4
works	4
save	4
structure	4
grounds	4
old	4
Come	4
machinery	3
considers	3
aim	3
headed	3
member	3
bodies	3
replace	3
massive	3
cross	3
forced	3
degree	3
sense	3
float	3
aims	3
contrast	3
drawn	3
join	3
broad	3
went	3
change	3
maintains	3
aspects	3
move	3
free	3
making	3
mature	3
exercise	3
prepared	3
lose	3
ran	3
stand	3
reflect	3
shift	3
direct	3
shown	3
flexible	3
avoid	3
air	3
break	3
lost	3
added	3
covered	3
poor	3
getting	3
patterns	3
hand	3
reduced	3
assumed	3
stress	3
large	3
lines	3
soft	3
slightest	3
spent	3
small	3
mean	3
heavy	3
steady	3
situation	3
allows	3
applications	3
sees	3
balance	3
direction	3
produced	3
admits	3
incarnation	3
stages	3
rests	3
capacity	3
odd	3
limit	3
Go	3
rough	3
sorted	3
seek	2
sought	2
challenge	2
set	2
intrusion	2
present	2
work	2
plan	2
split	2
failed	2
lay	2
deal	2
conscious	2
underlined	2
chain	2
aimed	2
admitted	2
lengths	2
plant	2
injected	2
gentle	2
sucked	2
call	2
section	2
sweet	2
members	2
changed	2
fall	2
pieces	2
hook	2
opens	2
describes	2
painful	2
sensitive	2
response	2
woven	2
rich	2
held	2
bright	2
operate	2
share	2
serve	2
predecessors	2
means	2
mix	2
spread	2
turning	2
pick	2
hit	2
reckon	2
uncover	2
subjects	2
extensive	2
accounts	2
assume	2
honey	2
fail	2
release	2
died	2
steps	2
movements	2
asked	2
caught	2
ceiling	2
mark	2
cuts	2
disguise	2
pull	2
shows	2
wider	2
biggest	2
puts	2
dimensions	2
lifting	2
breaks	2
gets	2
reflected	2
posturing	2
links	2
pursue	2
opening	2
stuff	2
base	2
left	2
suggesting	2
burden	2
victims	2
crash	2
feeling	2
position	2
brings	2
removed	2
stopped	2
rises	2
contains	2
refer	2
lax	2
weak	2
closely	2
stressed	2
considered	2
touch	2
looked	2
models	2
swept	2
offered	2
quick	2
tight	2
shape	2
catching	2
struggle	2
attacked	2
sign	2
hardest	2
helped	2
kick	2
habit	2
rigid	2
attitude	2
stem	2
clinging	2
attracted	2
presented	2
reached	2
yield	2
reach	2
character	2
formal	2
admit	2
build	2
largest	2
aspect	2
attractive	2
double	2
connection	2
remove	2
confronts	2
include	2
extent	2
follow	2
answer	2
products	2
unconscious	2
detour	2
formulation	2
goal	2
incarnates	2
framework	2
enveloping	2
turns	2
deeply	2
occurs	2
ground	2
distant	2
stakes	2
tied	2
manage	2
past	2
finding	2
little	2
load	2
hang	2
quarter	2
wants	2
sort	2
loads	2
throws	1
upside	1
Scattered	1
Set	1
escapes	1
upset	1
inherits	1
irritants	1
co-ordinated	1
contemplate	1
rebuilding	1
machine	1
centrepiece	1
adds	1
status	1
knock	1
keystone	1
override	1
antagonise	1
able	1
born	1
extended	1
shadow	1
self	1
transfer	1
merge	1
body	1
poisoned	1
uncomfortable	1
backdrop	1
decide	1
attract	1
responded	1
desperate	1
soothing	1
aggressive	1
cracked	1
heart	1
angels	1
acting	1
stroke	1
switches	1
clean	1
pointed	1
achieved	1
remains	1
sending	1
wreathed	1
sickly	1
Back	1
dump	1
dirty	1
huge	1
spilled	1
hands	1
Ask	1
collected	1
reckons	1
said	1
rob	1
hide	1
hazy	1
vaporous	1
slender	1
explore	1
mood-piece	1
filled	1
imagery	1
vividly	1
dominated	1
refreshing	1
tenderness	1
conducting	1
flat	1
violent	1
colourful	1
piece	1
plot	1
inserted	1
capture	1
cloudy	1
child	1
drawing	1
ghosts	1
extinguished	1
chandeliers	1
prance	1
hysterics	1
sprawl	1
golden	1
overpowering	1
joins	1
relish	1
tired	1
track	1
exert	1
brush	1
rhythmic	1
venerable	1
mournful	1
growling	1
stuck	1
blocked	1
canyon-like	1
picked	1
web	1
plays	1
leading	1
generation	1
impressions	1
toy-like	1
fresh	1
start	1
alone	1
considering	1
slip	1
serving	1
head	1
ageing	1
rasping	1
accompaniment	1
blessing	1
towering	1
stemmed	1
forces	1
hits	1
midway	1
star	1
stick	1
justification	1
pledges	1
recall	1
counts	1
fusion	1
emblems	1
rate	1
nudging	1
decorated	1
turn-of-the-century	1
underline	1
pass	1
muster	1
camouflage	1
eye	1
exploring	1
suggests	1
wane	1
impact	1
compass	1
System	1
forming	1
display	1
grips	1
divide	1
blocks	1
block	1
stake	1
forum	1
talked	1
flows	1
plainly	1
grow	1
puny	1
bury	1
dynamic	1
trying	1
raising	1
extending	1
bogged	1
attach	1
suspend	1
spar	1
contained	1
thicket	1
inpenetrable	1
surrounding	1
deaf	1
ears	1
swallow	1
divided	1
sacrificing	1
capital	1
run-up	1
emerged	1
senior	1
heads	1
bulk	1
placed	1
permitted	1
nailed	1
greatest	1
villain	1
climate	1
kinder	1
culture	1
standards	1
lifts	1
exceed	1
penitent	1
fixes	1
format	1
attests	1
farsighted	1
compounds	1
value	1
demonstrates	1
sombre	1
tightened	1
facing	1
signalled	1
true	1
suspended	1
flak	1
allied	1
spine	1
duck	1
Headquarters	1
shares	1
scrapped	1
waste	1
touched	1
play	1
game	1
tactics	1
mixture	1
claims	1
tone	1
meek	1
draws	1
reminds	1
assuring	1
flood	1
asserting	1
safety	1
net	1
extend	1
comfortable	1
help	1
earned	1
collapsed	1
faced	1
shock	1
community	1
allowed	1
safe	1
Putting	1
encouraged	1
Pursuing	1
co-ordinate	1
fight	1
guided	1
kept	1
brought	1
winding	1
tussle	1
humbly	1
elevated	1
serious	1
young	1
laced	1
bubbles	1
busy	1
lazy	1
following	1
proclaiming	1
silent	1
sits	1
quashed	1
stare	1
details	1
brood	1
candle	1
snuffers	1
changes	1
waxed	1
unassuming	1
frame	1
motifs	1
messages	1
spirit	1
surrender	1
released	1
chief	1
swoon	1
awaits	1
envy	1
likes	1
consumers	1
sector	1
step	1
surge	1
high-indeed	1
risen	1
allowing	1
middle	1
prospects	1
hitting	1
new	1
peaks	1
gained	1
strengths	1
drop	1
repair	1
looks	1
needs	1
regular	1
stream	1
bullish	1
mixing	1
examine	1
attempt	1
introductions	1
embarking	1
encompassed	1
raise	1
outside	1
handle-shaped	1
prone	1
ignore	1
tougher-looking	1
fragile	1
background	1
lower	1
sophisticated	1
strict	1
linked	1
hamper	1
supporting	1
vast	1
gold	1
light	1
raw	1
circuit	1
eliminated	1
trace	1
highest	1
expanding	1
top	1
brimming	1
dark	1
relieved	1
generous	1
helping	1
explode	1
deep	1
revived	1
turned	1
somersault	1
directly	1
warmed	1
dismissive	1
arising	1
seal	1
jump	1
bubbling	1
den	1
waiting	1
centre	1
dreams	1
hive	1
breathe	1
sharp	1
stir	1
grown	1
contacts	1
travelled	1
jungle	1
drums	1
weaving	1
contribute	1
orders	1
defensively	1
growing	1
Close	1
breathed	1
admitting	1
ebb	1
tide	1
betrayed	1
hint	1
score	1
pale	1
vibrant	1
spewing	1
related	1
shocked	1
steal	1
copying	1
seeds	1
anguished	1
miserable	1
stirrings	1
beat	1
slicing	1
retreated	1
fierce	1
amused	1
verges	1
defeat	1
tartly	1
course	1
dung	1
beetle	1
dry	1
coming	1
beam	1
suggested	1
Things	1
reckoned	1
shake	1
cleaned	1
conviction	1
loom	1
harder	1
drama	1
glossed	1
sparking	1
tough	1
specks	1
fade	1
careless	1
magnifies	1
sharpens	1
yielding	1
sliding	1
sleek	1
sheared	1
slices	1
slits	1
star-studded	1
Framework	1
Link	1
saw	1
undemanding	1
Arising	1
note	1
features	1
low	1
extends	1
express	1
swing	1
seeing	1
patch	1
source	1
firmer	1
clearer	1
stems	1
phases	1
faces	1
phase	1
acquisition	1
shaped	1
arise	1
dominates	1
Crisis	1
firm	1
routes	1
fluid	1
acquiring	1
escape	1
rigidly	1
win	1
regard	1
reinforce	1
roles	1
attracts	1
choose	1
entering	1
drift	1
linking	1
reversed	1
reduction	1
stay	1
met	1
Giving	1
reduce	1
encapsulation	1
courses	1
entry	1
neutral	1
reinforces	1
nature	1
scale	1
element	1
starter	1
told	1
meet	1
parts	1
approached	1
approaches	1
builds	1
struck	1
planned	1
reconstruct	1
showed	1
sustained	1
version	1
ruled	1
machines	1
appear	1
inclined	1
broke	1
fostered	1
masked	1
taught	1
unite	1
relocate	1
transmitted	1
articulate	1
returning	1
retrieve	1
systems	1
progress	1
agent	1
passive	1
dropping	1
deftly	1
uniting	1
neatly	1
solves	1
blind	1
revealing	1
continuously	1
broader	1
impose	1
shifting	1
hidden	1
tones	1
forms	1
divorce	1
descent	1
dream-work	1
reading	1
combine	1
articulation	1
inner	1
destroying	1
destroyed	1
arrives	1
projecting	1
forwards	1
rest	1
operative	1
dispensing	1
encounters	1
bearing	1
witness	1
destroy	1
perspective	1
negation	1
agents	1
riddled	1
holes	1
decomposes	1
design	1
torn	1
apart	1
carried	1
introduce	1
operates	1
richness	1
structured	1
organic	1
begs	1
struggles	1
incarnate	1
presumes	1
strategy	1
marks	1
retreats	1
appealing	1
concrete	1
reproduce	1
closure	1
articulates	1
fissures	1
conceive	1
conducted	1
paradise	1
returns	1
backtracks	1
assumes	1
proceed	1
accompanied	1
quickly	1
served	1
surveying	1
dictate	1
occupy	1
guide	1
prompts	1
role-oriented	1
valued	1
isolated	1
strive	1
interacts	1
helps	1
construct	1
constructed	1
directed	1
production	1
atom	1
separates	1
foundation	1
concerned	1
displays	1
dismiss	1
entails	1
offensive	1
groups	1
immediately	1
commits	1
fix	1
attacks	1
covers	1
images	1
appears	1
enters	1
cultivated	1
refinement	1
lets	1
immature	1
endued	1
encapsulated	1
remote	1
room	1
tension	1
feature	1
called	1
Part	1
allow	1
signs	1
led	1
flight	1
stronger	1
weaker	1
versions	1
fit	1
control	1
setting	1
add	1
destruction	1
bitter	1
narrower	1
boundary	1
entail	1
manages	1
package	1
attack	1
pointing	1
achieve	1
gain	1
charge	1
tie	1
access	1
extract	1
lurches	1
gathers	1
leaving	1
cloud	1
climbs	1
catch	1
dips	1
preparing	1
raccoon	1
Spread	1
controlled	1
tragic	1
stretches	1
fill	1
fountain	1
brief	1
weighing	1
lake	1
drying	1
drunk	1
thirsty	1
insatiable	1
gulping	1
bastard	1
bare	1
stunned	1
vanished	1
hopping	1
spend	1
chicken	1
breaking	1
bomb	1
popping	1
gives	1
Break	1
action	1
bet	1
dropped	1
decent	1
collecting	1
inject	1
bounce	1
yo-yo	1
Bloody	1
funny	1
Take	1
bleeding	1
rabbit	1
Fair	1
working	1
ferret	1
Bastards	1
Full	1
treating	1
apply	1
Waste	1
knocks	1
Chamber	1
Horrors	1
touches	1
keen	1
pursuing	1
passes	1
passing	1
throw	1
pulling	1
contact	1
trick	1
rotten	1
pig	1
Next	1
