get	19
go	13
put	11
bloody	11
come	10
got	10
little	8
see	7
place	7
power	6
take	6
friendly	6
trussing	6
way	5
lot	5
new	5
stand	5
sergeant	5
old	5
show	4
remains	4
move	4
tell	4
gave	4
level	4
lost	4
help	4
team	4
feel	4
bit	4
fire	4
thing	4
undergo	4
bring	4
poses	4
whole	4
turn	4
operation	4
assume	4
round	4
took	4
away	4
mincemeat	4
carry	4
side	4
knock-on	3
snakes	3
job	3
allow	3
drums	3
controlled	3
Take	3
transition	3
scope	3
offers	3
half	3
back	3
pushing	3
chaos	3
pick	3
states	3
proportions	3
powerless	3
tend	3
market	3
closing	3
count	3
smallest	3
felt	3
brilliant	3
considered	3
arrangements	3
far	3
small	3
world	3
give	3
saying	3
things	3
big	3
poor	3
choosing	3
opt	3
freedom	3
dispersive	3
integration	3
pose	3
means	3
fight	3
assumed	3
rejection	3
strip	3
dirty	3
spear	3
stick	3
run	3
make	3
Make	3
true	3
getting	3
taping	3
left	3
past	3
called	3
missed	3
work	3
plethora	2
advocated	2
declared	2
administered	2
ended	2
infighting	2
remit	2
crops	2
planning	2
barrier	2
throw	2
crematorium	2
hard	2
governing	2
found	2
fog	2
passing	2
burn	2
crux	2
noxious	2
imply	2
burnt	2
splash	2
admitted	2
clean	2
pay	2
taking	2
sue	2
upheld	2
collapses	2
engaged	2
longstop	2
draw	2
relying	2
collapsing	2
followed	2
rebel	2
static	2
faceless	2
nurses	2
hints	2
protagonist	2
depict	2
formulate	2
derelict	2
palls	2
curb	2
tool	2
oppressive	2
rod	2
reduce	2
ragged	2
rations	2
shake	2
roll	2
flashing	2
arcs	2
switch	2
enduring	2
part	2
rumbled	2
unsightly	2
object	2
Powers	2
designed	2
networks	2
leer	2
driven	2
wear	2
serious	2
pleads	2
hove	2
let	2
score	2
Fight	2
comes	2
played	2
unexposed	2
re-creation	2
goes	2
daftness	2
innocent	2
backporch	2
spooners	2
appear	2
dramatically	2
manage	2
naff	2
images	2
hops	2
places	2
dramatic	2
entity	2
floor	2
boldly	2
genuine	2
mean	2
hammer	2
headed	2
wrangling	2
escalations	2
interests	2
accounts	2
disgraceful	2
dependence	2
service	2
ban	2
aid	2
cutting	2
nerve	2
drafting	2
dithering	2
thrift	2
turned	2
nest-egg	2
determined	2
grew	2
blamed	2
rules	2
carries	2
quandry	2
pass	2
richness	2
spanned	2
parallel	2
recur	2
interspersed	2
patterns	2
lure	2
smell	2
generate	2
grades	2
ratios	2
yield	2
large	2
complete	2
lines	2
limits	2
number	2
based	2
discussed	2
seen	2
home	2
strict	2
underlie	2
predisposition	2
defining	2
inch	2
furled	2
sleekly	2
set	2
added	2
stock	2
fussed	2
great	2
stickler	2
kept	2
frenzy	2
Half	2
trained	2
grandly	2
swallow	2
weigh	2
swept	2
speck	2
muted	2
detract	2
seats	2
holding	2
frenzied	2
rush	2
recognised	2
pearly	2
unskilled	2
seam	2
needle	2
incur	2
wrath	2
seamstress	2
haughty	2
pattern	2
cutters	2
add	2
going	2
picked	2
flushed	2
pixieish	2
led	2
snaking	2
free	2
works	2
point	2
True	2
belied	2
quivering	2
cut-throat	2
saw	2
pillow	2
trembling	2
rustle	2
hostility	2
cuff	2
influence	2
lace	2
tones	2
came	2
glowering	2
fringe	2
crestfallen	2
worried	2
boy	2
anxious	2
propelled	2
changeless	2
trade	2
touched	2
contrast	2
wan	2
listless	2
distressingly	2
simple	2
jock	2
avoided	2
livelier	2
kick	2
crash	2
begins	2
taciturn	2
avoiding	2
proving	2
plump	2
asked	2
sheen	2
doggedly	2
profusion	2
block	2
stretching	2
strikes	2
bright	2
exploitative	2
clues	2
cut-and-dried	2
clear-cut	2
suggests	2
face	2
achieve	2
appealing	2
masculine	2
Opting	2
receive	2
emerging	2
sense	2
asking	2
feminine	2
increase	2
immense	2
obtain	2
introduction	2
content	2
suggest	2
altering	2
suggesting	2
offered	2
missing	2
impressed	2
made	2
immediately	2
forces	2
dissection	2
mixed	2
separate	2
grounds	2
counter	2
redressed	2
conception	2
marked	2
Unity	2
remained	2
clandestine	2
consciousnesses	2
incredible	2
resolvable	2
operations	2
consciousness	2
corollary	2
material	2
form	2
creates	2
constitutes	2
formalized	2
subsumption	2
promoting	2
negates	2
totalize	2
asserts	2
reverse	2
productions	2
double	2
develop	2
characterizes	2
totalizes	2
infinite	2
precariously	2
predicated	2
circularity	2
began	2
conventions	2
re-exteriorizes	2
interiorized	2
adds	2
present	2
championing	2
solve	2
renames	2
worthwhile	2
person-oriented	2
turns	2
isolationism	2
seek	2
lump	2
deny	2
cite	2
vulnerability	2
literally	2
identified	2
rooted	2
redress	2
faculty	2
Creatures	2
correction	2
attend	2
considerable	2
acted	2
reated	2
couple	2
leap	2
consist	2
failed	2
making	2
treating	2
lack	2
account	2
appears	2
imposed	2
profound	2
plans	2
grave	2
smartly	2
divide	2
shirk	2
forgo	2
neutral	2
status	2
denied	2
lacks	2
motion	2
bounces	2
taxiing	2
pursued	2
securing	2
wheels	2
patch	2
delayed	2
watch	2
short	2
curious	2
share	2
warrior	2
gather	2
strokes	2
na√Øvely	2
quota	2
hurls	2
heavy	2
weapon	2
passes	2
pours	2
trickle	2
drives	2
motionless	2
backward	2
mount	2
presented	2
arranged	2
balls-up	2
group	2
brave	2
honour	2
tried	2
betrothed	2
living	2
heard	2
fine	2
stands	2
approaching	2
stops	2
crazy	2
quiver	2
thin	2
speaking	2
wants	2
payment	2
save	2
say	2
stop	2
shaded	2
zone	2
wheel	2
reckon	2
lady	2
bits	2
drop	2
lazy	2
dry	2
strength	2
mother	2
hit	2
mince	2
Middle	2
fool	2
mad	2
ahead	2
need	2
victims	2
fetch	2
gone	2
showing	2
want	2
next	2
putting	2
Fine	2
cheesed	2
matter	2
See	2
slim	2
bleeding	2
pipes	2
fold	2
story	2
department	2
messed	2
raised	2
Old	2
Hall	2
pull	2
structure	2
hitting	2
golf	2
ball	2
handle	2
pump	2
wrote	2
pulled	2
row	2
quarter	2
act	2
enacted	2
acts	2
bend	2
whacked	2
Course	2
