go	12
get	10
put	8
got	8
take	8
bloody	8
back	7
place	7
come	6
see	6
feel	6
power	5
service	5
market	5
way	5
small	5
lot	5
freedom	5
whole	5
sergeant	5
took	5
old	5
turned	4
things	4
little	4
unsightly	4
gave	4
help	4
offered	4
thing	4
bring	4
poses	4
turns	4
turn	4
stand	4
round	4
next	4
make	4
bit	4
side	4
slim	4
handle	4
large	3
knock-on	3
form	3
noxious	3
passing	3
clean	3
pay	3
claim	3
scope	3
start	3
comes	3
manage	3
level	3
bill	3
chaos	3
proportions	3
powerless	3
pass	3
closing	3
present	3
set	3
team	3
count	3
great	3
felt	3
brilliant	3
incredible	3
arrangements	3
far	3
lost	3
give	3
poor	3
fire	3
masculine	3
friendly	3
separate	3
pose	3
independent	3
category	3
assumed	3
operation	3
status	3
heavy	3
stands	3
Go	3
getting	3
fit	3
trussing	3
taping	3
putting	3
left	3
past	3
called	3
missed	3
restructuring	2
plethora	2
advocated	2
unscathed	2
declared	2
administered	2
dominance	2
infighting	2
consumers	2
remit	2
initiate	2
Home	2
crops	2
environment	2
planning	2
quangos	2
visits	2
barrier	2
shift	2
snakes	2
throw	2
open-door	2
refinery	2
crematorium	2
governing	2
walls	2
found	2
job	2
fog	2
burn	2
crux	2
broken	2
destruction	2
imply	2
burnt	2
drums	2
splash	2
admitted	2
handling	2
owed	2
Take	2
sue	2
worthless	2
upheld	2
collapses	2
draw	2
relying	2
collapsing	2
followed	2
cause	2
offers	2
faceless	2
nurses	2
hints	2
depict	2
formulate	2
frightening	2
derelict	2
palls	2
curb	2
tool	2
oppressive	2
rod	2
reduce	2
Keep	2
ragged	2
rations	2
roll	2
flashing	2
arcs	2
switch	2
relegated	2
rumbled	2
wrapped	2
draughty	2
object	2
Powers	2
networks	2
functions	2
alone	2
cliches	2
wear	2
serious	2
hove	2
view	2
let	2
score	2
ready-made	2
Fight	2
records	2
played	2
unexposed	2
authentic	2
re-creation	2
daftness	2
unrelievedly	2
innocent	2
callin'	2
dramatically	2
naff	2
revival	2
pile-up	2
images	2
line-ups	2
entry	2
dramatic	2
entity	2
might	2
union	2
boldly	2
trading	2
Leaders	2
hammer	2
wrangling	2
delay	2
underwrite	2
escalations	2
pushing	2
interests	2
generating	2
capacity	2
accounts	2
list	2
belonged	2
disgraceful	2
working	2
standby	2
ended	2
given	2
awards	2
comforting	2
regard	2
drafting	2
pick	2
dithering	2
shortfall	2
angry	2
carries	2
politely	2
told	2
richness	2
covered	2
salt	2
boot	2
flaking	2
hillock	2
overlooking	2
interspersed	2
smell	2
prevail	2
grades	2
passive	2
forecast	2
naive	2
examining	2
craving	2
limits	2
build	2
represented	2
discussed	2
seen	2
strict	2
underlie	2
faulty	2
predisposition	2
predispositions	2
defining	2
inch	2
sleekly	2
added	2
stickler	2
kept	2
frenzy	2
smallest	2
Half	2
Little	2
faintly	2
trained	2
leaves	2
swallow	2
weigh	2
stepping	2
muted	2
detract	2
frenzied	2
rush	2
considered	2
pearly	2
unskilled	2
seam	2
needle	2
wrath	2
seamstress	2
discovered	2
vied	2
pattern	2
cutters	2
sewing	2
add	2
stonily	2
going	2
flushed	2
baby-blue	2
envy	2
free	2
works	2
world	2
whisper	2
talking	2
point	2
True	2
belied	2
cut-throat	2
Pillow	2
saw	2
pillow	2
tantamount	2
contact	2
moving	2
stood	2
waiting	2
rustle	2
cuff	2
influence	2
crestfallen	2
roundly	2
boy	2
anxious	2
glittering	2
propelled	2
changeless	2
contrast	2
waif-like	2
wan	2
listless	2
severity	2
distressingly	2
simple	2
jock	2
brains	2
saying	2
salted	2
avoided	2
livelier	2
kick	2
opposite	2
grimly	2
taciturn	2
plump	2
arced	2
powerfully	2
whored	2
sheen	2
doggedly	2
rich	2
wake	2
profusion	2
creak	2
block	2
stretching	2
quarter-wave	2
strikes	2
bright	2
tacked	2
dark	2
suffering	2
calm	2
salient	2
controlled	2
choosing	2
provides	2
clues	2
cut-and-dried	2
clear-cut	2
Commitment	2
moratorium	2
face	2
achieve	2
expression	2
emerging	2
sense	2
show	2
loss	2
feminine	2
period	2
content	2
suggesting	2
appear	2
made	2
immediately	2
forces	2
grounds	2
redressed	2
mixed	2
marked	2
Unity	2
action	2
consciousnesses	2
illusions	2
operations	2
consciousness	2
corollary	2
material	2
will	2
dispersive	2
fait	2
promoting	2
totalize	2
asserts	2
reverse	2
productions	2
double	2
aporia	2
develop	2
characterizes	2
predicated	2
circularity	2
against	2
re-exteriorizes	2
interiorized	2
fight	2
adds	2
conflicts	2
championing	2
distaste	2
renames	2
received	2
well-founded	2
person-oriented	2
transition	2
degeneration	2
seek	2
rejection	2
lump	2
big	2
cite	2
vulnerability	2
literally	2
identified	2
rooted	2
redress	2
use	2
correction	2
considerable	2
turning	2
standard	2
leap	2
consist	2
means	2
making	2
treating	2
awesome	2
account	2
appears	2
assume	2
cautious	2
Escape	2
imposed	2
profound	2
plans	2
divide	2
shirk	2
neutral	2
denied	2
lacks	2
bounces	2
shadow	2
spread	2
strip	2
pursued	2
wheels	2
patch	2
approach	2
delayed	2
dirty	2
surrounds	2
curious	2
open	2
share	2
strokes	2
patches	2
quota	2
passes	2
pours	2
trickle	2
watches	2
drives	2
guard	2
motionless	2
backward	2
mount	2
arranged	2
hunt	2
balls-up	2
speaks	2
shakes	2
group	2
killed	2
brave	2
tried	2
regain	2
living	2
meets	2
stops	2
cruel	2
crazy	2
quiver	2
thin	2
stick	2
ask	2
wants	2
away	2
law	2
speak	2
Hanged	2
approaches	2
grasps	2
Stay	2
muzungus	2
failing	2
outside	2
starts	2
wheel	2
poss	2
reckon	2
lady	2
bits	2
Hold	2
stuff	2
dry	2
Make	2
strength	2
hit	2
Middle	2
fool	2
Got	2
ahead	2
carry	2
need	2
long	2
fetch	2
gone	2
Fine	2
matter	2
See	2
pipes	2
fold	2
dangly	2
miss	2
story	2
gazumped	2
messed	2
Old	2
pull	2
hitting	2
golf	2
ball	2
opens	2
end	2
messing	2
half	2
wrote	2
knock	2
full	2
Keeping	2
re-estimating	2
pulled	2
quarter	2
owes	2
enacted	2
acts	2
playing	2
walks	2
dismal	2
Course	2
change	2
