grandes	3
batalla	3
une	3
espacio	3
repaso	2
herramienta	2
aliviar	2
caldo	2
tirar	2
venir	2
escándalos	2
chasquean	2
aguanta	2
embrutecidas	2
respaldo	2
pies	2
ornado	2
gran	2
alimentan	2
derrotó	2
crecientes	2
triunfo	2
pervirtieron	2
enervado	2
caballo	2
salidas	2
alcanzar	2
encadenado	2
tónica	2
estabilidad	2
íntimamente	2
expansión	2
recónditas	2
redunden	2
fuerzas	2
roto	2
lazos	2
salían	2
tránsito	2
fuga	2
desdicha	2
ocupada	2
pólvora	2
bando	2
ardores	2
sentar	2
altura	2
sacaba	2
briosa	2
gracia	2
ablandar	2
plumas	2
troquelados	2
cancerosa	2
paradigmas	2
suelto	2
alto	2
lucharon	2
terreno	2
apandar	2
consagraban	2
saldado	2
juego	2
fulgor	2
derraman	2
colegir	2
caben	2
rápido	2
acompañen	2
mensaje	2
picado	2
marcó	2
guarde	2
despacha	2
displicentes	2
eludiendo	2
paso	2
paralizado	2
inflexiones	2
perder	2
contempla	2
dinámica	2
deterioro	2
arma	2
contener	2
casta	2
retoques	2
limpieza	2
fuelle	2
respaldado	2
arrimado	2
trampa	2
desbloqueo	2
fulminante	2
turbada	2
crecimiento	2
puños	2
abarca	2
