get	20
got	12
go	10
put	8
see	8
take	8
bloody	8
old	7
way	7
place	7
come	6
friendly	6
took	6
back	5
power	5
help	5
show	5
lot	5
feel	5
freedom	5
stand	5
stick	5
sergeant	5
make	5
things	4
job	4
serious	4
gave	4
level	4
lost	4
market	4
felt	4
small	4
fire	4
emotional	4
solve	4
whole	4
poses	4
side	4
away	4
getting	4
handle	4
large	3
knock-on	3
form	3
group	3
ended	3
passing	3
clean	3
pay	3
scope	3
offers	3
oppressive	3
unsightly	3
move	3
pushing	3
service	3
chaos	3
anxious	3
turned	3
powerless	3
pass	3
ask	3
set	3
team	3
count	3
great	3
brilliant	3
considered	3
arrangements	3
new	3
far	3
going	3
strength	3
pixieish	3
poor	3
thing	3
opt	3
considerable	3
action	3
tell	3
separate	3
project	3
bring	3
asserts	3
pose	3
means	3
assumed	3
turn	3
assume	3
status	3
dirty	3
short	3
Go	3
fit	3
Got	3
trussing	3
next	3
past	3
round	3
called	3
missed	3
Drastically	2
declared	2
antagonists	2
administered	2
transformed	2
infighting	2
remit	2
Home	2
functions	2
training	2
barrier	2
snakes	2
throw	2
open-door	2
crematorium	2
hard	2
burning	2
shone	2
crux	2
noxious	2
imply	2
burnt	2
drums	2
splash	2
admitted	2
sue	2
worthless	2
upheld	2
collapses	2
engaged	2
longstop	2
draw	2
relying	2
rights	2
collapsing	2
prevent	2
followed	2
rebel	2
faceless	2
dying	2
nurses	2
hints	2
depict	2
adolescent	2
compulsion	2
formulate	2
frightening	2
derelict	2
palls	2
curb	2
tool	2
rod	2
reduce	2
Keep	2
untidy	2
messy	2
ragged	2
pressing	2
hardy	2
shake	2
rattle	2
roll	2
flashing	2
arcs	2
relegated	2
disappeared	2
green	2
Powers	2
looks	2
chance	2
networks	2
alone	2
driven	2
wear	2
hove	2
score	2
Fight	2
played	2
unexposed	2
youthful	2
re-creation	2
goes	2
whistle	2
daftness	2
spooners	2
callin'	2
dramatically	2
manage	2
naff	2
images	2
hops	2
entry	2
dramatic	2
floor	2
might	2
incorporating	2
boldly	2
rebuffed	2
frantically	2
hammer	2
headed	2
wrangling	2
postpone	2
sales	2
underwrite	2
escalations	2
interests	2
capacity	2
accounts	2
belonged	2
disgraceful	2
technical	2
remedial	2
dependence	2
planning	2
working	2
running	2
ban	2
ambulances	2
standby	2
aid	2
maintain	2
perfunctory	2
nerve	2
ends	2
regard	2
threatened	2
drafting	2
dithering	2
proportions	2
blamed	2
rules	2
carries	2
investigate	2
changed	2
rusty	2
boot	2
flaking	2
recur	2
interspersed	2
shared	2
grades	2
worn	2
remained	2
gain	2
closing	2
ratios	2
part	2
refer	2
traits	2
craving	2
limits	2
build	2
represented	2
discussed	2
home	2
liable	2
strict	2
present	2
underlie	2
predispositions	2
inch	2
sleekly	2
added	2
fussed	2
stickler	2
kept	2
frenzy	2
Half	2
trained	2
little	2
delay	2
leaves	2
grandly	2
swallow	2
weigh	2
muted	2
detract	2
frenzied	2
frantic	2
rush	2
barred	2
designs	2
saw	2
pearly	2
seam	2
needle	2
seamstress	2
tricks	2
discovered	2
vied	2
haughty	2
add	2
stonily	2
flushed	2
led	2
snaking	2
mislaying	2
free	2
works	2
world	2
talking	2
point	2
True	2
belied	2
fussing	2
cut-throat	2
pillow	2
easy-going	2
contact	2
stood	2
waiting	2
hostility	2
lace	2
fringe	2
crestfallen	2
worried	2
boy	2
give	2
feeling	2
propelled	2
changeless	2
cutwater	2
sharing	2
contrast	2
strong	2
wan	2
precious	2
severity	2
distressingly	2
simple	2
predicament	2
jock	2
brains	2
lit	2
avoided	2
kick	2
pressure	2
crash	2
grimly	2
proving	2
plump	2
arced	2
powerfully	2
powder	2
sheen	2
profusion	2
creak	2
block	2
stretching	2
strikes	2
bright	2
around	2
tacked	2
steered	2
surrounding	2
calm	2
controlled	2
exploitative	2
clues	2
cut-and-dried	2
deserves	2
clear-cut	2
concerned	2
face	2
appealing	2
expression	2
masculine	2
Opting	2
emerging	2
sense	2
asking	2
diminish	2
feminine	2
sexist	2
increase	2
recruitment	2
content	2
suggesting	2
missing	2
made	2
forces	2
mixed	2
counter	2
senses	2
redressed	2
marked	2
O	2
experience	2
consciousnesses	2
incredible	2
necessity	2
resolvable	2
operations	2
consciousness	2
corollary	2
material	2
will	2
God	2
remains	2
fait	2
connâitre	2
promoting	2
negates	2
totalize	2
deferring	2
partial	2
creates	2
autonomous	2
reverse	2
opposed	2
double	2
develop	2
characterizes	2
precariously	2
predicated	2
circularity	2
mean	2
scheme	2
persuasive	2
re-exteriorizes	2
interiorized	2
fight	2
adds	2
championing	2
renames	2
received	2
person-	2
worthwhile	2
person-oriented	2
transition	2
turns	2
degeneration	2
lump	2
big	2
vulnerability	2
treated	2
rooted	2
version	2
redress	2
Rational	2
Mildness	2
correction	2
attend	2
turning	2
reated	2
operation	2
leap	2
puzzling	2
making	2
treating	2
disconcerting	2
protected	2
awesome	2
account	2
appears	2
fancy	2
Escape	2
imposed	2
offer	2
profound	2
plans	2
pursuits	2
smartly	2
divide	2
shirk	2
neutral	2
quo	2
strategy	2
denied	2
lacks	2
flying	2
strip	2
cleared	2
bounces	2
dust	2
clearing	2
pursued	2
securing	2
wheels	2
patch	2
look	2
washes	2
curious	2
overworked	2
share	2
gather	2
strokes	2
patches	2
naïvely	2
quota	2
heavy	2
weapon	2
passes	2
pours	2
trickle	2
drives	2
guard	2
motionless	2
mount	2
presented	2
arranged	2
forming	2
pulls	2
friend	2
fought	2
brave	2
betrothed	2
composure	2
stands	2
read	2
approaching	2
crazy	2
quiver	2
thin	2
wants	2
law	2
red	2
Hanged	2
approaches	2
save	2
say	2
muzungus	2
shaded	2
zone	2
Going	2
wheel	2
reckon	2
lady	2
units	2
bits	2
lazy	2
stuff	2
dry	2
mincemeat	2
mince	2
Won	2
Middle	2
fool	2
mad	2
man	2
ahead	2
carry	2
came	2
need	2
recount	2
victims	2
fetch	2
gone	2
taping	2
putting	2
Fine	2
cheesed	2
matter	2
See	2
slim	2
pipes	2
hanging	2
elephant	2
fold	2
dangly	2
bit	2
Make	2
miss	2
machine	2
pull	2
structure	2
walls	2
golf	2
ball	2
opens	2
gobsmacked	2
wrote	2
knock	2
full	2
Keeping	2
left	2
gets	2
pulled	2
row	2
quarter	2
owes	2
enacted	2
Lords	2
acts	2
tour	2
whacked	2
dismal	2
change	2
