chaos	3
detotalizing	3
trussing	3
taping	3
Drastically	2
overt	2
crops	2
growth	2
acutely	2
fiercest	2
burning	2
crux	2
burnt	2
drums	2
duff	2
palls	2
curb	2
tool	2
solidly	2
arcs	2
hove	2
Fight	2
dramatically	2
frantically	2
hammer	2
wrangling	2
escalations	2
pushing	2
under	2
manifest	2
dithering	2
nest-egg	2
flaking	2
interspersed	2
erratic	2
scope	2
frenzy	2
grandly	2
swallow	2
muted	2
frenzied	2
wrath	2
stonily	2
flushed	2
snaking	2
belied	2
cut-throat	2
rustle	2
fringe	2
bitterly	2
crestfallen	2
propelled	2
wan	2
distressingly	2
livelier	2
crash	2
arced	2
fire	2
doggedly	2
profusion	2
calm	2
cut-and-dried	2
clear-cut	2
emerging	2
altering	2
dispersive	2
subsumption	2
totalized	2
totalize	2
totalizing	2
fight	2
lump	2
big	2
knock-on	2
rooted	2
neutral	2
passing	2
shadow	2
delayed	2
vividly	2
heavy	2
drives	2
landscape	2
disaster	2
cadged	2
shaded	2
fit	2
drop	2
buy	2
wind	2
stuck	2
cheesed	2
slim	2
bleeding	2
bloody	2
tangled	2
jumping	2
opens	2
stand	2
wander	2
well	2
wrote	2
knock	2
pulled	2
row	2
ticking	2
moving	2
whacked	2
crowded	2
full	2
path	2
