mercado	11
dar	9
situación	8
da	7
fase	7
sistema	6
gran	6
parte	6
posición	6
cuenta	5
punto	5
medidas	5
manera	5
haciendo	5
conjunto	5
contempla	5
mantenido	4
hace	4
dado	4
mantuvo	4
niveles	4
largo	4
medida	4
centro	4
puesto	4
orden	4
dejar	4
vista	4
buscan	4
lugar	4
mensaje	4
une	4
llevó	4
alza	4
elementos	4
actitud	4
aspectos	4
vuelta	4
mostrar	4
llevar	4
nivel	3
mundo	3
graves	3
deja	3
partida	3
fuentes	3
venir	3
mantienen	3
plan	3
llamado	3
reconocer	3
reacción	3
falta	3
modelo	3
cita	3
dimensión	3
divino	3
aplicación	3
balance	3
ofrece	3
marcha	3
dio	3
encuentran	3
sentido	3
campaña	3
situó	3
forma	3
prórroga	3
trata	3
poniendo	3
manifiesto	3
fórmula	3
analiza	3
puso	3
marcó	3
señala	3
poner	3
manos	3
superar	3
perspectivas	3
medio	3
provocó	3
dieron	3
mayor	3
llevado	3
central	3
soporta	3
llega	3
acceso	3
hacer	3
estar	3
circulación	3
miembros	3
estado	3
tabla	3
alto	3
Back	3
limita	3
resaltó	3
estrategia	3
verse	3
recuperación	3
rápido	3
extremen	3
escasos	3
renovará	3
formación	3
hecho	3
recibido	3
subida	3
encontrar	3
movilidad	3
caída	3
componen	3
crisis	3
fórmulas	3
capacidad	3
repaso	2
reactivar	2
convierten	2
representante	2
adormiló	2
herramienta	2
servicio	2
exaltando	2
utopía	2
proyectábamos	2
autorizan	2
dimensiones	2
aliviar	2
bloqueos	2
estudiada	2
pasan	2
relegado	2
advirtió	2
necesita	2
normas	2
caldo	2
cultivo	2
demande	2
marquen	2
tirar	2
tierra	2
presencia	2
significativa	2
capital	2
compartió	2
pequeños	2
van	2
tiros	2
carecían	2
apuntaron	2
progresión	2
volvió	2
gordo	2
cambió	2
promueve	2
compasivo	2
pasar	2
reconoce	2
chasquean	2
aguanta	2
lado	2
enfrentarse	2
excedió	2
presentó	2
habilitar	2
otorgar	2
embrutecidas	2
activo	2
respaldo	2
pies	2
fuerza	2
entorno	2
distancia	2
califique	2
suspendida	2
llegado	2
órganos	2
extensión	2
presentado	2
firme	2
quedan	2
incorporaron	2
línea	2
fatal	2
arrasamiento	2
ornado	2
tomar	2
presenta	2
viajar	2
quieren	2
pujarían	2
extremos	2
cabe	2
bajas	2
acompañando	2
mantiene	2
remontó	2
ejerce	2
generado	2
piedra	2
ajustada	2
crecientes	2
descubro	2
vivía	2
espaldas	2
detuvo	2
reforzaba	2
triunfo	2
llevan	2
ofreciendo	2
liderar	2
destrucción	2
puntúen	2
señas	2
corazones	2
pervirtieron	2
Otorgó	2
supone	2
formalizar	2
régimen	2
derecho	2
facilitan	2
modo	2
ejercicio	2
contribuya	2
instrumentaron	2
estableció	2
infernillo	2
posicionando	2
produciría	2
situaciones	2
convertidas	2
fundado	2
dimitido	2
preciosos	2
aludiendo	2
postura	2
enervado	2
vincularlas	2
uso	2
intensivo	2
actores	2
arreglo	2
tomando	2
difundido	2
asegura	2
caballo	2
batalla	2
hacerle	2
ver	2
conforman	2
ganaron	2
accesos	2
ponía	2
niño	2
pretende	2
alcanzar	2
propone	2
libraron	2
cuentan	2
apoya	2
sustancia	2
materializó	2
repunte	2
tónica	2
mantenía	2
estabilidad	2
hacían	2
presidido	2
modelos	2
considera	2
ponerlo	2
formaciones	2
pide	2
concurrida	2
ayudado	2
rechazo	2
aportar	2
carga	2
cargo	2
cartera	2
presentan	2
acompañan	2
mantenemos	2
dando	2
valor	2
expansión	2
organizada	2
bandas	2
destruir	2
amenaza	2
recónditas	2
encarnación	2
desarrollan	2
fe	2
sustento	2
consolidar	2
redunden	2
acaba	2
aprobar	2
darán	2
aunar	2
recibe	2
cadena	2
cuerpo	2
entiende	2
aplican	2
ampliación	2
núcleo	2
rasgos	2
siente	2
base	2
explicarnos	2
pusieron	2
parrillas	2
ascendió	2
quedaban	2
fuerzas	2
dé	2
roto	2
lazos	2
fundada	2
separación	2
área	2
confundidas	2
salían	2
agregó	2
compartido	2
manejaba	2
estanco	2
disposición	2
oscura	2
fuga	2
confuso	2
unidad	2
ponga	2
desdicha	2
ocupada	2
plano	2
señaló	2
muestran	2
menor	2
sigue	2
pidió	2
coordinación	2
completar	2
incentiven	2
pisado	2
camino	2
darnos	2
pólvora	2
bando	2
frente	2
ardores	2
origen	2
materias	2
ponen	2
puntos	2
vamos	2
dispuestos	2
sentar	2
bases	2
Sirve	2
red	2
altura	2
repartidos	2
decreciente	2
repuesto	2
ataque	2
demuestran	2
permitido	2
aumentó	2
verá	2
razón	2
tomaron	2
recuperado	2
salvación	2
briosa	2
puñado	2
abandonados	2
gracia	2
escatimar	2
mandó	2
rápidos	2
colecta	2
organizado	2
vemos	2
Cabeceaba	2
veía	2
darle	2
ajuste	2
aspirante	2
torno	2
aportan	2
tránsito	2
plantea	2
mostró	2
sueño	2
monstruos	2
pasado	2
daña	2
relapsos	2
relacsos	2
cancerosa	2
vienen	2
cobrado	2
hermosa	2
triste	2
carece	2
dentro	2
costó	2
disteis	2
lejos	2
repartiendo	2
dispensaba	2
generosa	2
feísimos	2
dedicada	2
reafirmó	2
ocupar	2
abandonadas	2
aspiraba	2
tobogán	2
trazados	2
corresponde	2
actúe	2
someta	2
elemento	2
quedaba	2
enseñado	2
cotice	2
ganó	2
difundidas	2
ocultaron	2
declararon	2
tomará	2
adoptará	2
tanto	2
estricta	2
lucharon	2
terreno	2
formas	2
extremas	2
adoptar	2
agresiones	2
trataban	2
penosamente	2
atraer	2
mantendrá	2
Canturreaba	2
continuada	2
cerrazón	2
cielo	2
delicados	2
apandar	2
consagraban	2
Rasgos	2
estrellas	2
definen	2
diera	2
crea	2
saldado	2
realistas	2
Integran	2
descendió	2
encabezadas	2
toman	2
juego	2
valores	2
seria	2
inmediatos	2
limitando	2
bebé	2
prenda	2
fuego	2
fulgor	2
mente	2
blanco	2
mezclaba	2
seca	2
sofoquina	2
mareo	2
tripas	2
media	2
pone	2
centran	2
dispuesto	2
naturaleza	2
depreciación	2
otorga	2
realizó	2
administrada	2
formal	2
contado	2
caben	2
ajustar	2
sufrida	2
confinamiento	2
contactos	2
compartía	2
muestra	2
despedimos	2
acompañen	2
acabar	2
conjugar	2
afirma	2
gestionado	2
Fase	2
llevaban	2
defensa	2
merece	2
decida	2
picado	2
reavivar	2
volvieron	2
toque	2
queda	2
anunciando	2
aceptor	2
restringida	2
presentar	2
vitales	2
jugado	2
animador	2
leyes	2
leales	2
principios	2
pesar	2
produce	2
sentir	2
considerará	2
alcanzó	2
hagan	2
compatible	2
sectores	2
largas	2
guarde	2
limitan	2
echar	2
emitir	2
displicentes	2
fin	2
cayó	2
confía	2
valora	2
quitarles	2
quitar	2
pisapapel	2
intimida	2
resaltaron	2
trabajar	2
convocar	2
cosas	2
concentra	2
significaba	2
prevé	2
recurrir	2
eludiendo	2
basada	2
máxima	2
paso	2
damos	2
instrumentos	2
rebatir	2
ayudarla	2
paralizado	2
emociones	2
prueba	2
escena	2
añadía	2
inflexiones	2
movimiento	2
interno	2
resuelve	2
vuelve	2
perder	2
transmitieron	2
suguiente	2
cediese	2
formaban	2
ganarse	2
ganar	2
sostienen	2
darse	2
ágil	2
Future	2
continuación	2
rebajar	2
tasa	2
elevado	2
entregar	2
encontrarlo	2
sale	2
remiten	2
atentado	2
aislado	2
dinámica	2
deterioro	2
deslegitimación	2
pidieron	2
inaugurado	2
aborde	2
redistribución	2
generando	2
anunció	2
apoyará	2
encuentre	2
arma	2
aumento	2
darles	2
defender	2
dicen	2
hechas	2
derechas	2
corto	2
desarrollado	2
aprovechada	2
reforzar	2
dirección	2
trabajando	2
recuperar	2
violación	2
límites	2
supusieron	2
tremendo	2
vela	2
apoyos	2
incipiente	2
casta	2
indica	2
tensión	2
cabo	2
contar	2
concentrará	2
reducir	2
planes	2
formáis	2
noble	2
talante	2
reducción	2
dejó	2
daba	2
poniéndolo	2
creen	2
quedar	2
retoques	2
introducidos	2
llevarse	2
banda	2
admira	2
incurrió	2
severas	2
planteamiento	2
dividiría	2
vicio	2
avala	2
amenazan	2
sitúa	2
vanguardia	2
tiene	2
limpieza	2
busca	2
juntos	2
reducirá	2
supresión	2
revelan	2
perdiendo	2
fuelle	2
raya	2
respaldado	2
ocultan	2
prefieren	2
feo	2
tonto	2
corrupto	2
Dando	2
enorme	2
arrimado	2
considero	2
quería	2
llevarnos	2
trampa	2
desbloqueo	2
incluido	2
buen	2
encuentra	2
hizo	2
compleja	2
aspecto	2
dice	2
compromete	2
lesivos	2
grado	2
reduce	2
márgenes	2
obliga	2
buscar	2
búsqueda	2
consuman	2
recursos	2
tachados	2
pecado	2
límite	2
devolver	2
formulada	2
legación	2
resalta	2
intenta	2
posturas	2
redujo	2
regulación	2
turbada	2
fácil	2
transfirió	2
control	2
contiene	2
comporta	2
pedido	2
conciliación	2
apoyo	2
comanches	2
puños	2
reforma	2
participar	2
ordenamientos	2
abarca	2
considerado	2
