marco	8
caída	4
abrir	4
camino	4
impulsar	3
gran	3
escenario	3
mundo	3
ocupa	3
amplia	3
dimensión	3
grandes	3
vacío	2
sacar	2
luchó	2
fuerza	2
construcción	2
recuperar	2
lucha	2
paso	2
profundo	2
fuerte	2
horizonte	2
atacará	2
papel	2
dosis	2
campo	2
fijado	2
avanzando	2
sostiene	2
crecimiento	2
fantasmal	1
falacia	1
baraja	1
elevar	1
derrumbe	1
gobernaban	1
sacarlo	1
fruto	1
humana	1
enfocado	1
dinámica	1
cimiento	1
frentes	1
ruido	1
dirijo	1
extendido	1
enfrentar	1
desterrar	1
Protagonizó	1
Construyó	1
jugando	1
vivo	1
tormentas	1
ruidosas	1
lanzó	1
entrometida	1
corrido	1
desatar	1
batalla	1
encaja	1
perfil	1
estrellas	1
verdugo	1
revuelto	1
impulso	1
esquilmada	1
regreso	1
maquillar	1
transmitir	1
transferencia	1
brazo	1
espejo	1
creciendo	1
diluidos	1
herramienta	1
arroja	1
desbocado	1
viajeras	1
sofocantes	1
amplísimo	1
articula	1
despliegue	1
arrojando	1
trampa	1
luchando	1
reflejan	1
paraíso	1
agrias	1
mantener	1
tormenta	1
destructivos	1
altas	1
expandido	1
realce	1
fructifique	1
fuertes	1
cabeza	1
ponga	1
profundamente	1
salen	1
cruel	1
golpe	1
escamotearle	1
escamotear	1
rama	1
bajo	1
entrarán	1
cortinas	1
hundir	1
piedra	1
ocupaba	1
penumbra	1
levantar	1
muro	1
frene	1
destierre	1
vencidos	1
desgajadas	1
alma	1
caben	1
acuñados	1
corriente	1
llevaron	1
enriqueció	1
centrado	1
acercarse	1
acercar	1
colchón	1
abierto	1
avancemos	1
tramo	1
fiesta	1
alquilarán	1
chupar	1
sanguijuelas	1
trepadora	1
obsesivo	1
brillantes	1
nacido	1
excrescencia	1
vaciado	1
renovasteis	1
caducar	1
abrirá	1
amplios	1
nació	1
vencido	1
cuenta	1
cayó	1
sequía	1
lado	1
sordos	1
maraña	1
deshace	1
trajeron	1
construir	1
cimientos	1
intoxicar	1
enfoque	1
elevó	1
curva	1
posturas	1
respira	1
traspase	1
resistencia	1
amplio	1
ascenso	1
floja	1
acercamiento	1
subraya	1
firme	1
caído	1
despertará	1
vertebrar	1
reconstrucción	1
atrapó	1
magia	1
avanzado	1
flexibilización	1
superficiales	1
distraída	1
albergar	1
guiado	1
rompa	1
precio	1
costado	1
disolviese	1
combatir	1
pasos	1
llegaron	1
frutos	1
pasa	1
libre	1
amarrar	1
lanza	1
baja	1
respaldó	1
reforma	1
cerca	1
hondo	1
respaldadas	1
tropiezo	1
trasladan	1
cierra	1
gestar	1
detergente	1
revanchista	1
mirada	1
puesta	1
marcados	1
fuerzas	1
acercan	1
nítido	1
conduce	1
rotación	1
claridad	1
desierto	1
llegado	1
construyendo	1
estabilidad	1
ritmo	1
cuervo	1
rejonearon	1
