clear	12
strong	5
narrow	5
firmly	4
movement	4
spread	3
moving	3
shift	3
world	3
big	3
steady	3
open	3
larger	3
direction	3
incarnation	3
wide	2
cross	2
run	2
woven	2
broad	2
bright	2
dynamic	2
movements	2
mature	2
lifting	2
breaks	2
line	2
air	2
spring	2
break	2
leave	2
heavy	2
kick	2
rigid	2
clinging	2
drift	2
flexible	2
reach	2
build	2
detour	2
framework	2
enveloping	2
deeply	2
distant	2
throws	1
Scattered	1
escapes	1
knock	1
keystone	1
powerful	1
voice	1
watching	1
shadow	1
merge	1
grinds	1
diffuse	1
soothing	1
aggressive	1
cracked	1
heart	1
switches	1
clean	1
wreathed	1
dump	1
shut	1
rob	1
hide	1
hazy	1
float	1
slender	1
opens	1
tremulously	1
vividly	1
dominated	1
carry	1
flat	1
capture	1
cloudy	1
track	1
gentle	1
exert	1
rhythmic	1
fought	1
clouds	1
towering	1
duller	1
nudging	1
soupy	1
decorated	1
fallin'	1
eye	1
wane	1
move	1
mimic	1
grow	1
bury	1
high	1
tigers	1
face	1
caught	1
bogged	1
thicket	1
disguise	1
swallow	1
pull	1
put	1
lose	1
strain	1
kinder	1
lifts	1
compounds	1
tightened	1
posturing	1
flak	1
pursue	1
spine	1
duck	1
opening	1
touched	1
meek	1
flood	1
nightmare	1
burden	1
fight	1
winding	1
tussle	1
elevated	1
quashed	1
frame	1
step	1
hold	1
hitting	1
peaks	1
stream	1
bullish	1
picture	1
stress	1
trace	1
brimming	1
helping	1
tight-coiled	1
explode	1
deep	1
swell	1
seal	1
jump	1
bubbling	1
den	1
warren	1
hive	1
way	1
breathe	1
ran	1
hook	1
travelled	1
drums	1
weaving	1
growing	1
Close	1
breathed	1
sucked	1
ebb	1
tide	1
betrayed	1
cut	1
seeds	1
stirrings	1
beat	1
slicing	1
fierce	1
verges	1
tartly	1
thrash	1
hard	1
shake	1
cleaned	1
glossed	1
sparking	1
turning	1
curling	1
sharpens	1
sheared	1
slits	1
turbulence	1
low	1
swing	1
patch	1
firmer	1
clearer	1
shaped	1
dominates	1
firm	1
routes	1
fluid	1
escape	1
route	1
rigidly	1
soft	1
cover	1
starter	1
approached	1
builds	1
large	1
reconstruct	1
sustained	1
machines	1
broke	1
bound	1
masked	1
unite	1
relocate	1
articulate	1
agent	1
uniting	1
products	1
blind	1
broader	1
shifting	1
hidden	1
unconscious	1
tones	1
descent	1
reading	1
double	1
destroyed	1
projecting	1
holes	1
decomposes	1
force	1
drawn	1
structure	1
retreats	1
sets	1
shape	1
closure	1
fissures	1
incarnates	1
goes	1
directed	1
atom	1
attacked	1
covers	1
cultivated	1
encapsulated	1
remote	1
room	1
enter	1
stakes	1
flight	1
stronger	1
weaker	1
fit	1
setting	1
destruction	1
bitter	1
narrower	1
tied	1
attack	1
tie	1
lurches	1
gathers	1
subsides	1
weighing	1
rises	1
vanished	1
catching	1
breaking	1
stand	1
release	1
tight	1
bomb	1
Struggled	1
close	1
cleared	1
weak	1
rough	1
collecting	1
inject	1
bounce	1
bleeding	1
shoved	1
knocks	1
throw	1
swings	1
pulling	1
